{
  "title": "JBoss-Logs",
  "services": {
    "query": {
      "idQueue": [],
      "list": {
        "0": {
          "query": "level:\"ERROR\"",
          "alias": "Error",
          "color": "#890F02",
          "id": 0,
          "pin": true,
          "type": "lucene",
          "enable": true
        },
        "1": {
          "id": 1,
          "color": "#EF843C",
          "query": "level:\"WARN\"",
          "alias": "Warn",
          "pin": true,
          "type": "lucene",
          "enable": true
        },
        "2": {
          "id": 2,
          "color": "#508642",
          "query": "level:\"INFO\"",
          "alias": "Info",
          "pin": true,
          "type": "lucene",
          "enable": true
        },
        "3": {
          "id": 3,
          "color": "#EF843C",
          "alias": "",
          "pin": false,
          "type": "lucene",
          "enable": true,
          "query": "*"
        }
      },
      "ids": [
        0,
        1,
        2,
        3
      ]
    },
    "filter": {
      "idQueue": [
        1,
        3,
        4,
        5,
        6,
        7
      ],
      "list": {
        "0": {
          "type": "time",
          "field": "@timestamp",
          "from": "now-1h",
          "to": "now",
          "mandate": "must",
          "active": true,
          "alias": "",
          "id": 0
        },
        "2": {
          "type": "field",
          "field": "level",
          "query": "\"ERROR\"",
          "mandate": "must",
          "active": false,
          "alias": "",
          "id": 2
        }
      },
      "ids": [
        0,
        2
      ]
    }
  },
  "rows": [
    {
      "title": "Top Graphs",
      "height": "350px",
      "editable": true,
      "collapse": false,
      "collapsable": true,
      "panels": [
        {
          "error": false,
          "span": 4,
          "editable": true,
          "type": "terms",
          "loadingEditor": false,
          "queries": {
            "mode": "selected",
            "ids": []
          },
          "field": "className.raw",
          "exclude": [],
          "missing": true,
          "other": false,
          "size": 5,
          "order": "count",
          "style": {
            "font-size": "10pt"
          },
          "donut": false,
          "tilt": false,
          "labels": true,
          "arrangement": "horizontal",
          "chart": "bar",
          "counter_pos": "above",
          "spyable": true,
          "title": "top classes",
          "tmode": "terms",
          "tstat": "total",
          "valuefield": ""
        },
        {
          "error": false,
          "span": 3,
          "editable": true,
          "type": "terms",
          "loadingEditor": false,
          "queries": {
            "mode": "selected",
            "ids": []
          },
          "field": "server.raw",
          "exclude": [],
          "missing": false,
          "other": false,
          "size": 10,
          "order": "count",
          "style": {
            "font-size": "10pt"
          },
          "donut": false,
          "tilt": false,
          "labels": true,
          "arrangement": "horizontal",
          "chart": "bar",
          "counter_pos": "above",
          "spyable": true,
          "title": "Instances",
          "tmode": "terms",
          "tstat": "total",
          "valuefield": ""
        },
        {
          "span": 2,
          "editable": true,
          "type": "hits",
          "loadingEditor": false,
          "queries": {
            "mode": "selected",
            "ids": [
              0,
              1
            ]
          },
          "style": {
            "font-size": "10pt"
          },
          "arrangement": "horizontal",
          "chart": "bar",
          "counter_pos": "above",
          "donut": false,
          "tilt": false,
          "labels": true,
          "spyable": true,
          "title": "Hits"
        },
        {
          "span": 2,
          "editable": true,
          "type": "trends",
          "loadingEditor": false,
          "queries": {
            "mode": "pinned",
            "ids": [
              0,
              1,
              2
            ]
          },
          "style": {
            "font-size": "14pt"
          },
          "ago": "30m",
          "arrangement": "vertical",
          "spyable": true,
          "title": "Trends"
        }
      ],
      "notice": false
    },
    {
      "title": "Events Over Time",
      "height": "350px",
      "editable": true,
      "collapse": false,
      "collapsable": true,
      "panels": [
        {
          "span": 12,
          "editable": true,
          "type": "histogram",
          "loadingEditor": false,
          "mode": "count",
          "time_field": "@timestamp",
          "value_field": null,
          "x-axis": true,
          "y-axis": true,
          "scale": 1,
          "y_format": "none",
          "grid": {
            "max": null,
            "min": 0
          },
          "queries": {
            "mode": "selected",
            "ids": [
              0,
              1,
              2
            ]
          },
          "annotate": {
            "enable": false,
            "query": "*",
            "size": 20,
            "field": "_type",
            "sort": [
              "_score",
              "desc"
            ]
          },
          "auto_int": true,
          "resolution": 100,
          "interval": "30s",
          "intervals": [
            "auto",
            "1s",
            "1m",
            "5m",
            "10m",
            "30m",
            "1h",
            "3h",
            "12h",
            "1d",
            "1w",
            "1y"
          ],
          "lines": true,
          "fill": 1,
          "linewidth": 2,
          "points": false,
          "pointradius": 5,
          "bars": false,
          "stack": false,
          "spyable": true,
          "zoomlinks": true,
          "options": true,
          "legend": true,
          "show_query": true,
          "interactive": true,
          "legend_counts": true,
          "timezone": "browser",
          "percentage": false,
          "zerofill": true,
          "derivative": false,
          "tooltip": {
            "value_type": "cumulative",
            "query_as_alias": true
          },
          "title": "Events Over Time"
        }
      ],
      "notice": false
    },
    {
      "title": "Events",
      "height": "350px",
      "editable": true,
      "collapse": false,
      "collapsable": true,
      "panels": [
        {
          "title": "All events",
          "error": false,
          "span": 12,
          "editable": true,
          "group": [
            "default"
          ],
          "type": "table",
          "size": 100,
          "pages": 5,
          "offset": 0,
          "sort": [
            "@timestamp",
            "desc"
          ],
          "style": {
            "font-size": "9pt"
          },
          "overflow": "min-height",
          "fields": [
            "@timestamp",
            "level",
            "server",
            "className",
            "message"
          ],
          "highlight": [],
          "sortable": true,
          "header": true,
          "paging": true,
          "spyable": true,
          "queries": {
            "mode": "selected",
            "ids": [
              3
            ]
          },
          "field_list": false,
          "status": "Stable",
          "trimFactor": 700,
          "normTimes": true,
          "all_fields": false,
          "localTime": false,
          "timeField": "@timestamp"
        }
      ],
      "notice": false
    }
  ],
  "editable": true,
  "failover": false,
  "index": {
    "interval": "day",
    "pattern": "[logstash-]YYYY.MM.DD",
    "default": "NO_TIME_FILTER_OR_INDEX_PATTERN_NOT_MATCHED",
    "warm_fields": true
  },
  "style": "dark",
  "panel_hints": true,
  "pulldowns": [
    {
      "type": "query",
      "collapse": false,
      "notice": false,
      "query": "*",
      "pinned": true,
      "history": [
        "*",
        "level:\"INFO\"",
        "level:\"WARN\"",
        "level:\"ERROR\"",
        "env:\"test\"",
        "env:\"qa\"",
        "env:\"QA2\"",
        "env:\"prod\"",
        "message:*Pricing*",
        "message:\"*Pricing*\""
      ],
      "remember": 10,
      "enable": true
    },
    {
      "type": "filtering",
      "collapse": false,
      "notice": true,
      "enable": true
    }
  ],
  "nav": [
    {
      "type": "timepicker",
      "collapse": false,
      "notice": false,
      "status": "Stable",
      "time_options": [
        "5m",
        "15m",
        "1h",
        "6h",
        "12h",
        "24h",
        "2d",
        "7d",
        "30d"
      ],
      "refresh_intervals": [
        "5s",
        "10s",
        "30s",
        "1m",
        "5m",
        "15m",
        "30m",
        "1h",
        "2h",
        "1d"
      ],
      "timefield": "@timestamp",
      "now": true,
      "filter_id": 0,
      "enable": true
    }
  ],
  "loader": {
    "save_gist": false,
    "save_elasticsearch": true,
    "save_local": true,
    "save_default": true,
    "save_temp": true,
    "save_temp_ttl_enable": true,
    "save_temp_ttl": "30d",
    "load_gist": true,
    "load_elasticsearch": true,
    "load_elasticsearch_size": 20,
    "load_local": true,
    "hide": false
  },
  "refresh": "5m"
}