{
  "title": "System Performance",
  "services": {
    "query": {
      "list": {
        "0": {
          "query": "type_instance:\"used\"",
          "alias": "Used",
          "color": "#BF1B00",
          "id": 0,
          "pin": true,
          "type": "lucene",
          "enable": true
        },
        "1": {
          "id": 1,
          "color": "#5195CE",
          "alias": "Buffered",
          "pin": true,
          "type": "lucene",
          "enable": true,
          "query": "type_instance:\"buffered\""
        },
        "2": {
          "id": 2,
          "color": "#E0752D",
          "alias": "Cached",
          "pin": true,
          "type": "lucene",
          "enable": true,
          "query": "type_instance:\"cached\""
        },
        "3": {
          "id": 3,
          "color": "#7EB26D",
          "alias": "Free",
          "pin": true,
          "type": "lucene",
          "enable": true,
          "query": "type_instance:\"free\""
        },
        "4": {
          "id": 4,
          "color": "#447EBC",
          "alias": "Load",
          "pin": true,
          "type": "lucene",
          "enable": true,
          "query": "plugin:\"load\""
        },
        "5": {
          "id": 5,
          "color": "#962D82",
          "alias": "Sent",
          "pin": true,
          "type": "lucene",
          "enable": true,
          "query": "plugin_instance:\"eth0\""
        },
        "6": {
          "id": 6,
          "color": "#705DA0",
          "alias": "EN1 Sent",
          "pin": true,
          "type": "lucene",
          "enable": true,
          "query": "plugin_instance:\"eth1\""
        },
        "7": {
          "id": 7,
          "color": "#0A437C",
          "alias": "Received",
          "pin": true,
          "type": "lucene",
          "enable": true,
          "query": "plugin_instance:\"eth0\""
        },
        "8": {
          "id": 8,
          "color": "#447EBC",
          "alias": "Received (EN1)",
          "pin": true,
          "type": "lucene",
          "enable": true,
          "query": "plugin_instance:\"eth1\""
        },
        "9": {
          "id": 9,
          "color": "#CCA300",
          "alias": "",
          "pin": false,
          "type": "lucene",
          "enable": true,
          "query": "*"
        }
      },
      "ids": [
        0,
        1,
        2,
        3,
        4,
        5,
        6,
        7,
        8,
        9
      ]
    },
    "filter": {
      "list": {
        "0": {
          "type": "time",
          "field": "@timestamp",
          "from": "now-1h",
          "to": "now",
          "mandate": "must",
          "active": true,
          "alias": "",
          "id": 0
        },
        "1": {
          "type": "field",
          "field": "plugin",
          "query": "\"memory\"",
          "mandate": "must",
          "active": false,
          "alias": "",
          "id": 1
        },
        "2": {
          "type": "field",
          "field": "plugin",
          "query": "\"cpu\"",
          "mandate": "must",
          "active": false,
          "alias": "",
          "id": 2
        }
      },
      "ids": [
        1,
        2,
        0
      ]
    }
  },
  "rows": [
    {
      "title": "Stats",
      "height": "150px",
      "editable": true,
      "collapse": true,
      "collapsable": true,
      "panels": [
        {
          "error": false,
          "span": 4,
          "editable": true,
          "type": "terms",
          "loadingEditor": false,
          "field": "type_instance",
          "exclude": [],
          "missing": true,
          "other": true,
          "size": 10,
          "order": "count",
          "style": {
            "font-size": "10pt"
          },
          "donut": false,
          "tilt": false,
          "labels": true,
          "arrangement": "horizontal",
          "chart": "bar",
          "counter_pos": "above",
          "spyable": true,
          "queries": {
            "mode": "all",
            "ids": [
              0,
              1,
              2,
              3,
              4,
              5,
              6,
              7,
              8,
              9
            ]
          },
          "tmode": "terms",
          "tstat": "total",
          "valuefield": "",
          "title": "CPU"
        },
        {
          "error": false,
          "span": 4,
          "editable": true,
          "type": "terms",
          "loadingEditor": false,
          "field": "plugin",
          "exclude": [],
          "missing": true,
          "other": true,
          "size": 10,
          "order": "count",
          "style": {
            "font-size": "10pt"
          },
          "donut": false,
          "tilt": false,
          "labels": true,
          "arrangement": "horizontal",
          "chart": "bar",
          "counter_pos": "above",
          "spyable": true,
          "queries": {
            "mode": "all",
            "ids": [
              0,
              1,
              2,
              3,
              4,
              5,
              6,
              7,
              8,
              9
            ]
          },
          "tmode": "terms",
          "tstat": "total",
          "valuefield": "",
          "title": "Plugins"
        }
      ],
      "notice": false
    },
    {
      "title": "Memory",
      "height": "250px",
      "editable": true,
      "collapse": false,
      "collapsable": true,
      "panels": [
        {
          "span": 12,
          "editable": true,
          "type": "histogram",
          "loadingEditor": false,
          "mode": "mean",
          "time_field": "@timestamp",
          "value_field": "value",
          "x-axis": true,
          "y-axis": true,
          "scale": 1,
          "y_format": "bytes",
          "grid": {
            "max": null,
            "min": 0
          },
          "queries": {
            "mode": "selected",
            "ids": [
              0,
              1,
              2,
              3
            ]
          },
          "annotate": {
            "enable": false,
            "query": "*",
            "size": 20,
            "field": "_type",
            "sort": [
              "_score",
              "desc"
            ]
          },
          "auto_int": true,
          "resolution": 100,
          "interval": "30s",
          "intervals": [
            "auto",
            "1s",
            "1m",
            "5m",
            "10m",
            "30m",
            "1h",
            "3h",
            "12h",
            "1d",
            "1w",
            "1y"
          ],
          "lines": false,
          "fill": 0,
          "linewidth": 3,
          "points": false,
          "pointradius": 5,
          "bars": true,
          "stack": false,
          "spyable": true,
          "zoomlinks": true,
          "options": true,
          "legend": true,
          "show_query": true,
          "interactive": true,
          "legend_counts": true,
          "timezone": "browser",
          "percentage": false,
          "zerofill": true,
          "derivative": false,
          "tooltip": {
            "value_type": "cumulative",
            "query_as_alias": true
          },
          "title": "Memory"
        }
      ],
      "notice": false
    },
    {
      "title": "Graph",
      "height": "350px",
      "editable": true,
      "collapse": false,
      "collapsable": true,
      "panels": [
        {
          "span": 12,
          "editable": true,
          "group": [
            "default"
          ],
          "type": "histogram",
          "mode": "mean",
          "time_field": "@timestamp",
          "value_field": "shortterm",
          "auto_int": true,
          "resolution": 100,
          "interval": "30s",
          "fill": 3,
          "linewidth": 3,
          "timezone": "browser",
          "spyable": true,
          "zoomlinks": true,
          "bars": true,
          "stack": true,
          "points": false,
          "lines": false,
          "legend": true,
          "x-axis": true,
          "y-axis": true,
          "percentage": false,
          "interactive": true,
          "queries": {
            "mode": "selected",
            "ids": [
              4
            ]
          },
          "title": "Events over time",
          "intervals": [
            "auto",
            "1s",
            "1m",
            "5m",
            "10m",
            "30m",
            "1h",
            "3h",
            "12h",
            "1d",
            "1w",
            "1M",
            "1y"
          ],
          "options": true,
          "tooltip": {
            "value_type": "cumulative",
            "query_as_alias": true
          },
          "scale": 1,
          "y_format": "none",
          "grid": {
            "max": null,
            "min": 0
          },
          "annotate": {
            "enable": false,
            "query": "*",
            "size": 20,
            "field": "_type",
            "sort": [
              "_score",
              "desc"
            ]
          },
          "pointradius": 5,
          "show_query": true,
          "legend_counts": true,
          "zerofill": true,
          "derivative": false
        }
      ],
      "notice": false
    },
    {
      "title": "Network Sent",
      "height": "200px",
      "editable": true,
      "collapse": false,
      "collapsable": true,
      "panels": [
        {
          "span": 6,
          "editable": true,
          "type": "histogram",
          "loadingEditor": false,
          "mode": "mean",
          "time_field": "@timestamp",
          "value_field": "tx",
          "x-axis": true,
          "y-axis": true,
          "scale": 1,
          "y_format": "bytes",
          "grid": {
            "max": null,
            "min": 0
          },
          "queries": {
            "mode": "selected",
            "ids": [
              5
            ]
          },
          "annotate": {
            "enable": false,
            "query": "*",
            "size": 20,
            "field": "_type",
            "sort": [
              "_score",
              "desc"
            ]
          },
          "auto_int": true,
          "resolution": 100,
          "interval": "30s",
          "intervals": [
            "auto",
            "1s",
            "1m",
            "5m",
            "10m",
            "30m",
            "1h",
            "3h",
            "12h",
            "1d",
            "1w",
            "1y"
          ],
          "lines": true,
          "fill": 1,
          "linewidth": 2,
          "points": false,
          "pointradius": 5,
          "bars": false,
          "stack": false,
          "spyable": true,
          "zoomlinks": true,
          "options": true,
          "legend": true,
          "show_query": true,
          "interactive": true,
          "legend_counts": true,
          "timezone": "browser",
          "percentage": false,
          "zerofill": true,
          "derivative": true,
          "tooltip": {
            "value_type": "cumulative",
            "query_as_alias": true
          },
          "title": "Network Sent",
          "scaleSeconds": true
        },
        {
          "span": 6,
          "editable": true,
          "type": "histogram",
          "loadingEditor": false,
          "mode": "mean",
          "time_field": "@timestamp",
          "value_field": "tx",
          "x-axis": true,
          "y-axis": true,
          "scale": 1,
          "y_format": "bytes",
          "grid": {
            "max": null,
            "min": 0
          },
          "queries": {
            "mode": "selected",
            "ids": [
              6
            ]
          },
          "annotate": {
            "enable": false,
            "query": "*",
            "size": 20,
            "field": "_type",
            "sort": [
              "_score",
              "desc"
            ]
          },
          "auto_int": true,
          "resolution": 100,
          "interval": "30s",
          "intervals": [
            "auto",
            "1s",
            "1m",
            "5m",
            "10m",
            "30m",
            "1h",
            "3h",
            "12h",
            "1d",
            "1w",
            "1y"
          ],
          "lines": true,
          "fill": 1,
          "linewidth": 2,
          "points": false,
          "pointradius": 5,
          "bars": false,
          "stack": false,
          "spyable": true,
          "zoomlinks": true,
          "options": true,
          "legend": true,
          "show_query": true,
          "interactive": true,
          "legend_counts": true,
          "timezone": "browser",
          "percentage": false,
          "zerofill": true,
          "derivative": true,
          "tooltip": {
            "value_type": "individual",
            "query_as_alias": true
          },
          "title": "Network Sent (en1)",
          "scaleSeconds": true
        }
      ],
      "notice": false
    },
    {
      "title": "Network Received",
      "height": "200px",
      "editable": true,
      "collapse": false,
      "collapsable": true,
      "panels": [
        {
          "span": 6,
          "editable": true,
          "type": "histogram",
          "loadingEditor": false,
          "mode": "mean",
          "time_field": "@timestamp",
          "value_field": "rx",
          "x-axis": true,
          "y-axis": true,
          "scale": 1,
          "y_format": "bytes",
          "grid": {
            "max": null,
            "min": 0
          },
          "queries": {
            "mode": "selected",
            "ids": [
              7
            ]
          },
          "annotate": {
            "enable": false,
            "query": "*",
            "size": 20,
            "field": "_type",
            "sort": [
              "_score",
              "desc"
            ]
          },
          "auto_int": true,
          "resolution": 100,
          "interval": "30s",
          "intervals": [
            "auto",
            "1s",
            "1m",
            "5m",
            "10m",
            "30m",
            "1h",
            "3h",
            "12h",
            "1d",
            "1w",
            "1y"
          ],
          "lines": true,
          "fill": 1,
          "linewidth": 2,
          "points": false,
          "pointradius": 5,
          "bars": false,
          "stack": false,
          "spyable": true,
          "zoomlinks": true,
          "options": true,
          "legend": true,
          "show_query": true,
          "interactive": true,
          "legend_counts": true,
          "timezone": "browser",
          "percentage": false,
          "zerofill": true,
          "derivative": true,
          "tooltip": {
            "value_type": "cumulative",
            "query_as_alias": true
          },
          "title": "Network Rec'D (en0)",
          "scaleSeconds": true
        },
        {
          "span": 6,
          "editable": true,
          "type": "histogram",
          "loadingEditor": false,
          "mode": "mean",
          "time_field": "@timestamp",
          "value_field": "rx",
          "x-axis": true,
          "y-axis": true,
          "scale": 1,
          "y_format": "bytes",
          "grid": {
            "max": null,
            "min": 0
          },
          "queries": {
            "mode": "selected",
            "ids": [
              8
            ]
          },
          "annotate": {
            "enable": false,
            "query": "*",
            "size": 20,
            "field": "_type",
            "sort": [
              "_score",
              "desc"
            ]
          },
          "auto_int": true,
          "resolution": 100,
          "interval": "30s",
          "intervals": [
            "auto",
            "1s",
            "1m",
            "5m",
            "10m",
            "30m",
            "1h",
            "3h",
            "12h",
            "1d",
            "1w",
            "1y"
          ],
          "lines": true,
          "fill": 1,
          "linewidth": 2,
          "points": false,
          "pointradius": 5,
          "bars": false,
          "stack": false,
          "spyable": true,
          "zoomlinks": true,
          "options": true,
          "legend": true,
          "show_query": true,
          "interactive": true,
          "legend_counts": true,
          "timezone": "browser",
          "percentage": false,
          "zerofill": true,
          "derivative": true,
          "tooltip": {
            "value_type": "individual",
            "query_as_alias": true
          },
          "title": "Network REC'D (en1)",
          "scaleSeconds": true
        }
      ],
      "notice": false
    },
    {
      "title": "Events",
      "height": "350px",
      "editable": true,
      "collapse": true,
      "collapsable": true,
      "panels": [
        {
          "title": "All events",
          "error": false,
          "span": 12,
          "editable": true,
          "group": [
            "default"
          ],
          "type": "table",
          "size": 100,
          "pages": 5,
          "offset": 0,
          "sort": [
            "@timestamp",
            "desc"
          ],
          "style": {
            "font-size": "9pt"
          },
          "overflow": "min-height",
          "fields": [
            "@timestamp",
            "plugin",
            "plugin_instance",
            "type_instance",
            "value",
            "shortterm",
            "tx",
            "longterm",
            "midterm",
            "rx"
          ],
          "localTime": true,
          "timeField": "@timestamp",
          "highlight": [],
          "sortable": true,
          "header": true,
          "paging": true,
          "spyable": true,
          "queries": {
            "mode": "unpinned",
            "ids": [
              9
            ]
          },
          "field_list": false,
          "status": "Stable",
          "trimFactor": 300,
          "normTimes": true,
          "all_fields": false
        }
      ],
      "notice": false
    }
  ],
  "editable": true,
  "failover": false,
  "index": {
    "interval": "day",
    "pattern": "[logstash-]YYYY.MM.DD",
    "default": "NO_TIME_FILTER_OR_INDEX_PATTERN_NOT_MATCHED",
    "warm_fields": true
  },
  "style": "dark",
  "panel_hints": true,
  "pulldowns": [
    {
      "type": "query",
      "collapse": false,
      "notice": false,
      "query": "*",
      "pinned": true,
      "history": [
        "*",
        "plugin_instance:\"eth1\"",
        "plugin_instance:\"eth0\"",
        "plugin:\"load\"",
        "type_instance:\"free\"",
        "type_instance:\"cached\"",
        "type_instance:\"buffered\"",
        "type_instance:\"used\"",
        "rx:*",
        "rx:\"*\""
      ],
      "remember": 10,
      "enable": true
    },
    {
      "type": "filtering",
      "collapse": false,
      "notice": true,
      "enable": true
    }
  ],
  "nav": [
    {
      "type": "timepicker",
      "collapse": false,
      "notice": false,
      "status": "Stable",
      "time_options": [
        "5m",
        "15m",
        "1h",
        "6h",
        "12h",
        "24h",
        "2d",
        "7d",
        "30d"
      ],
      "refresh_intervals": [
        "5s",
        "10s",
        "30s",
        "1m",
        "5m",
        "15m",
        "30m",
        "1h",
        "2h",
        "1d"
      ],
      "timefield": "@timestamp",
      "now": true,
      "filter_id": 0,
      "enable": true
    }
  ],
  "loader": {
    "save_gist": false,
    "save_elasticsearch": true,
    "save_local": true,
    "save_default": true,
    "save_temp": true,
    "save_temp_ttl_enable": true,
    "save_temp_ttl": "30d",
    "load_gist": true,
    "load_elasticsearch": true,
    "load_elasticsearch_size": 20,
    "load_local": true,
    "hide": false
  },
  "refresh": "1m"
}